sum,variance,standard deviation,average of elements
1.35518164,0.020141349682312737,0.14192022295047574,0.271036328
